id,label,type,status,file,domain,methods
app:web,Customer Web,app,WIRED,,ridendine.ca,
app:ops-admin,Ops Admin,app,WIRED,,ops.ridendine.ca,
app:chef-admin,Chef Admin,app,WIRED,,chef.ridendine.ca,
app:driver-app,Driver App,app,WIRED,,driver.ridendine.ca,
route:web:/about,Customer Web /about,page-route,WIRED,apps/web/src/app/about/page.tsx,,
file:apps/web/src/app/about/page.tsx,apps/web/src/app/about/page.tsx,file,WIRED,,,
package:@ridendine/ui,@ridendine/ui,package,,,,
route:web:/account/addresses,Customer Web /account/addresses,page-route,PARTIAL,apps/web/src/app/account/addresses/page.tsx,,
file:apps/web/src/app/account/addresses/page.tsx,apps/web/src/app/account/addresses/page.tsx,file,PARTIAL,,,
package:@ridendine/auth,@ridendine/auth,package,,,,
route:web:/account/favorites,Customer Web /account/favorites,page-route,WIRED,apps/web/src/app/account/favorites/page.tsx,,
file:apps/web/src/app/account/favorites/page.tsx,apps/web/src/app/account/favorites/page.tsx,file,WIRED,,,
route:web:/account/orders,Customer Web /account/orders,page-route,PARTIAL,apps/web/src/app/account/orders/page.tsx,,
file:apps/web/src/app/account/orders/page.tsx,apps/web/src/app/account/orders/page.tsx,file,PARTIAL,,,
route:web:/account,Customer Web /account,page-route,WIRED,apps/web/src/app/account/page.tsx,,
file:apps/web/src/app/account/page.tsx,apps/web/src/app/account/page.tsx,file,WIRED,,,
route:web:/account/settings,Customer Web /account/settings,page-route,PARTIAL,apps/web/src/app/account/settings/page.tsx,,
file:apps/web/src/app/account/settings/page.tsx,apps/web/src/app/account/settings/page.tsx,file,PARTIAL,,,
route:web:/auth/forgot-password,Customer Web /auth/forgot-password,page-route,PARTIAL,apps/web/src/app/auth/forgot-password/page.tsx,,
file:apps/web/src/app/auth/forgot-password/page.tsx,apps/web/src/app/auth/forgot-password/page.tsx,file,PARTIAL,,,
route:web:/auth/login,Customer Web /auth/login,page-route,PARTIAL,apps/web/src/app/auth/login/page.tsx,,
file:apps/web/src/app/auth/login/page.tsx,apps/web/src/app/auth/login/page.tsx,file,PARTIAL,,,
route:web:/auth/signup,Customer Web /auth/signup,page-route,PARTIAL,apps/web/src/app/auth/signup/page.tsx,,
file:apps/web/src/app/auth/signup/page.tsx,apps/web/src/app/auth/signup/page.tsx,file,PARTIAL,,,
route:web:/cart,Customer Web /cart,page-route,WIRED,apps/web/src/app/cart/page.tsx,,
file:apps/web/src/app/cart/page.tsx,apps/web/src/app/cart/page.tsx,file,WIRED,,,
route:web:/checkout,Customer Web /checkout,page-route,PARTIAL,apps/web/src/app/checkout/page.tsx,,
file:apps/web/src/app/checkout/page.tsx,apps/web/src/app/checkout/page.tsx,file,PARTIAL,,,
route:web:/chef-resources,Customer Web /chef-resources,page-route,WIRED,apps/web/src/app/chef-resources/page.tsx,,
file:apps/web/src/app/chef-resources/page.tsx,apps/web/src/app/chef-resources/page.tsx,file,WIRED,,,
route:web:/chef-signup,Customer Web /chef-signup,page-route,PARTIAL,apps/web/src/app/chef-signup/page.tsx,,
file:apps/web/src/app/chef-signup/page.tsx,apps/web/src/app/chef-signup/page.tsx,file,PARTIAL,,,
route:web:/chefs/:slug,Customer Web /chefs/:slug,page-route,WIRED,apps/web/src/app/chefs/[slug]/page.tsx,,
file:apps/web/src/app/chefs/[slug]/page.tsx,apps/web/src/app/chefs/[slug]/page.tsx,file,WIRED,,,
package:@ridendine/db,@ridendine/db,package,,,,
route:web:/chefs,Customer Web /chefs,page-route,WIRED,apps/web/src/app/chefs/page.tsx,,
file:apps/web/src/app/chefs/page.tsx,apps/web/src/app/chefs/page.tsx,file,WIRED,,,
route:web:/contact,Customer Web /contact,page-route,PARTIAL,apps/web/src/app/contact/page.tsx,,
file:apps/web/src/app/contact/page.tsx,apps/web/src/app/contact/page.tsx,file,PARTIAL,,,
route:web:/how-it-works,Customer Web /how-it-works,page-route,WIRED,apps/web/src/app/how-it-works/page.tsx,,
file:apps/web/src/app/how-it-works/page.tsx,apps/web/src/app/how-it-works/page.tsx,file,WIRED,,,
route:web:/maintenance,Customer Web /maintenance,page-route,WIRED,apps/web/src/app/maintenance/page.tsx,,
file:apps/web/src/app/maintenance/page.tsx,apps/web/src/app/maintenance/page.tsx,file,WIRED,,,
route:web:/order-confirmation/:orderId,Customer Web /order-confirmation/:orderId,page-route,WIRED,apps/web/src/app/order-confirmation/[orderId]/page.tsx,,
file:apps/web/src/app/order-confirmation/[orderId]/page.tsx,apps/web/src/app/order-confirmation/[orderId]/page.tsx,file,WIRED,,,
route:web:/orders/:id/confirmation,Customer Web /orders/:id/confirmation,page-route,WIRED,apps/web/src/app/orders/[id]/confirmation/page.tsx,,
file:apps/web/src/app/orders/[id]/confirmation/page.tsx,apps/web/src/app/orders/[id]/confirmation/page.tsx,file,WIRED,,,
table:orders,orders,table,,,,
route:web:/,Customer Web /,page-route,WIRED,apps/web/src/app/page.tsx,,
file:apps/web/src/app/page.tsx,apps/web/src/app/page.tsx,file,WIRED,,,
table:chef_storefronts,chef_storefronts,table,,,,
table:menu_items,menu_items,table,,,,
route:web:/privacy,Customer Web /privacy,page-route,PARTIAL,apps/web/src/app/privacy/page.tsx,,
file:apps/web/src/app/privacy/page.tsx,apps/web/src/app/privacy/page.tsx,file,PARTIAL,,,
route:web:/terms,Customer Web /terms,page-route,PARTIAL,apps/web/src/app/terms/page.tsx,,
file:apps/web/src/app/terms/page.tsx,apps/web/src/app/terms/page.tsx,file,PARTIAL,,,
route:ops-admin:/auth/login,Ops Admin /auth/login,page-route,PARTIAL,apps/ops-admin/src/app/auth/login/page.tsx,,
file:apps/ops-admin/src/app/auth/login/page.tsx,apps/ops-admin/src/app/auth/login/page.tsx,file,PARTIAL,,,
route:ops-admin:/dashboard/activity,Ops Admin /dashboard/activity,page-route,PARTIAL,apps/ops-admin/src/app/dashboard/activity/page.tsx,,
file:apps/ops-admin/src/app/dashboard/activity/page.tsx,apps/ops-admin/src/app/dashboard/activity/page.tsx,file,PARTIAL,,,
table:audit_logs,audit_logs,table,,,,
table:ops_override_logs,ops_override_logs,table,,,,
table:platform_users,platform_users,table,,,,
route:ops-admin:/dashboard/analytics,Ops Admin /dashboard/analytics,page-route,PARTIAL,apps/ops-admin/src/app/dashboard/analytics/page.tsx,,
file:apps/ops-admin/src/app/dashboard/analytics/page.tsx,apps/ops-admin/src/app/dashboard/analytics/page.tsx,file,PARTIAL,,,
table:driver_presence,driver_presence,table,,,,
table:drivers,drivers,table,,,,
route:ops-admin:/dashboard/announcements,Ops Admin /dashboard/announcements,page-route,PARTIAL,apps/ops-admin/src/app/dashboard/announcements/page.tsx,,
file:apps/ops-admin/src/app/dashboard/announcements/page.tsx,apps/ops-admin/src/app/dashboard/announcements/page.tsx,file,PARTIAL,,,
route:ops-admin:/dashboard/automation,Ops Admin /dashboard/automation,page-route,PARTIAL,apps/ops-admin/src/app/dashboard/automation/page.tsx,,
file:apps/ops-admin/src/app/dashboard/automation/page.tsx,apps/ops-admin/src/app/dashboard/automation/page.tsx,file,PARTIAL,,,
route:ops-admin:/dashboard/chefs/:id,Ops Admin /dashboard/chefs/:id,page-route,WIRED,apps/ops-admin/src/app/dashboard/chefs/[id]/page.tsx,,
file:apps/ops-admin/src/app/dashboard/chefs/[id]/page.tsx,apps/ops-admin/src/app/dashboard/chefs/[id]/page.tsx,file,WIRED,,,
table:chef_delivery_zones,chef_delivery_zones,table,,,,
route:ops-admin:/dashboard/chefs/approvals,Ops Admin /dashboard/chefs/approvals,page-route,PARTIAL,apps/ops-admin/src/app/dashboard/chefs/approvals/page.tsx,,
file:apps/ops-admin/src/app/dashboard/chefs/approvals/page.tsx,apps/ops-admin/src/app/dashboard/chefs/approvals/page.tsx,file,PARTIAL,,,
route:ops-admin:/dashboard/chefs,Ops Admin /dashboard/chefs,page-route,WIRED,apps/ops-admin/src/app/dashboard/chefs/page.tsx,,
file:apps/ops-admin/src/app/dashboard/chefs/page.tsx,apps/ops-admin/src/app/dashboard/chefs/page.tsx,file,WIRED,,,
route:ops-admin:/dashboard/customers/:id,Ops Admin /dashboard/customers/:id,page-route,WIRED,apps/ops-admin/src/app/dashboard/customers/[id]/page.tsx,,
file:apps/ops-admin/src/app/dashboard/customers/[id]/page.tsx,apps/ops-admin/src/app/dashboard/customers/[id]/page.tsx,file,WIRED,,,
route:ops-admin:/dashboard/customers,Ops Admin /dashboard/customers,page-route,PARTIAL,apps/ops-admin/src/app/dashboard/customers/page.tsx,,
file:apps/ops-admin/src/app/dashboard/customers/page.tsx,apps/ops-admin/src/app/dashboard/customers/page.tsx,file,PARTIAL,,,
route:ops-admin:/dashboard/deliveries/:id,Ops Admin /dashboard/deliveries/:id,page-route,WIRED,apps/ops-admin/src/app/dashboard/deliveries/[id]/page.tsx,,
file:apps/ops-admin/src/app/dashboard/deliveries/[id]/page.tsx,apps/ops-admin/src/app/dashboard/deliveries/[id]/page.tsx,file,WIRED,,,
route:ops-admin:/dashboard/deliveries,Ops Admin /dashboard/deliveries,page-route,PARTIAL,apps/ops-admin/src/app/dashboard/deliveries/page.tsx,,
file:apps/ops-admin/src/app/dashboard/deliveries/page.tsx,apps/ops-admin/src/app/dashboard/deliveries/page.tsx,file,PARTIAL,,,
route:ops-admin:/dashboard/dispatch,Ops Admin /dashboard/dispatch,page-route,PARTIAL,apps/ops-admin/src/app/dashboard/dispatch/page.tsx,,
file:apps/ops-admin/src/app/dashboard/dispatch/page.tsx,apps/ops-admin/src/app/dashboard/dispatch/page.tsx,file,PARTIAL,,,
package:@ridendine/types,@ridendine/types,package,,,,
route:ops-admin:/dashboard/drivers/:id,Ops Admin /dashboard/drivers/:id,page-route,WIRED,apps/ops-admin/src/app/dashboard/drivers/[id]/page.tsx,,
file:apps/ops-admin/src/app/dashboard/drivers/[id]/page.tsx,apps/ops-admin/src/app/dashboard/drivers/[id]/page.tsx,file,WIRED,,,
route:ops-admin:/dashboard/drivers,Ops Admin /dashboard/drivers,page-route,WIRED,apps/ops-admin/src/app/dashboard/drivers/page.tsx,,
file:apps/ops-admin/src/app/dashboard/drivers/page.tsx,apps/ops-admin/src/app/dashboard/drivers/page.tsx,file,WIRED,,,
route:ops-admin:/dashboard/finance/accounts/chefs/:id,Ops Admin /dashboard/finance/accounts/chefs/:id,page-route,MISSING,apps/ops-admin/src/app/dashboard/finance/accounts/chefs/[id]/page.tsx,,
file:apps/ops-admin/src/app/dashboard/finance/accounts/chefs/[id]/page.tsx,apps/ops-admin/src/app/dashboard/finance/accounts/chefs/[id]/page.tsx,file,MISSING,,,
route:ops-admin:/dashboard/finance/accounts/chefs,Ops Admin /dashboard/finance/accounts/chefs,page-route,PARTIAL,apps/ops-admin/src/app/dashboard/finance/accounts/chefs/page.tsx,,
file:apps/ops-admin/src/app/dashboard/finance/accounts/chefs/page.tsx,apps/ops-admin/src/app/dashboard/finance/accounts/chefs/page.tsx,file,PARTIAL,,,
table:platform_accounts,platform_accounts,table,,,,
route:ops-admin:/dashboard/finance/accounts/drivers/:id,Ops Admin /dashboard/finance/accounts/drivers/:id,page-route,MISSING,apps/ops-admin/src/app/dashboard/finance/accounts/drivers/[id]/page.tsx,,
file:apps/ops-admin/src/app/dashboard/finance/accounts/drivers/[id]/page.tsx,apps/ops-admin/src/app/dashboard/finance/accounts/drivers/[id]/page.tsx,file,MISSING,,,
route:ops-admin:/dashboard/finance/accounts/drivers,Ops Admin /dashboard/finance/accounts/drivers,page-route,PARTIAL,apps/ops-admin/src/app/dashboard/finance/accounts/drivers/page.tsx,,
file:apps/ops-admin/src/app/dashboard/finance/accounts/drivers/page.tsx,apps/ops-admin/src/app/dashboard/finance/accounts/drivers/page.tsx,file,PARTIAL,,,
route:ops-admin:/dashboard/finance/instant-payouts,Ops Admin /dashboard/finance/instant-payouts,page-route,PARTIAL,apps/ops-admin/src/app/dashboard/finance/instant-payouts/page.tsx,,
file:apps/ops-admin/src/app/dashboard/finance/instant-payouts/page.tsx,apps/ops-admin/src/app/dashboard/finance/instant-payouts/page.tsx,file,PARTIAL,,,
table:instant_payout_requests,instant_payout_requests,table,,,,
route:ops-admin:/dashboard/finance,Ops Admin /dashboard/finance,page-route,WIRED,apps/ops-admin/src/app/dashboard/finance/page.tsx,,
file:apps/ops-admin/src/app/dashboard/finance/page.tsx,apps/ops-admin/src/app/dashboard/finance/page.tsx,file,WIRED,,,
route:ops-admin:/dashboard/finance/payouts/:runId,Ops Admin /dashboard/finance/payouts/:runId,page-route,PARTIAL,apps/ops-admin/src/app/dashboard/finance/payouts/[runId]/page.tsx,,
file:apps/ops-admin/src/app/dashboard/finance/payouts/[runId]/page.tsx,apps/ops-admin/src/app/dashboard/finance/payouts/[runId]/page.tsx,file,PARTIAL,,,
table:driver_payouts,driver_payouts,table,,,,
table:ledger_entries,ledger_entries,table,,,,
table:payout_runs,payout_runs,table,,,,
route:ops-admin:/dashboard/finance/payouts,Ops Admin /dashboard/finance/payouts,page-route,PARTIAL,apps/ops-admin/src/app/dashboard/finance/payouts/page.tsx,,
file:apps/ops-admin/src/app/dashboard/finance/payouts/page.tsx,apps/ops-admin/src/app/dashboard/finance/payouts/page.tsx,file,PARTIAL,,,
route:ops-admin:/dashboard/finance/reconciliation,Ops Admin /dashboard/finance/reconciliation,page-route,PARTIAL,apps/ops-admin/src/app/dashboard/finance/reconciliation/page.tsx,,
file:apps/ops-admin/src/app/dashboard/finance/reconciliation/page.tsx,apps/ops-admin/src/app/dashboard/finance/reconciliation/page.tsx,file,PARTIAL,,,
table:stripe_reconciliation,stripe_reconciliation,table,,,,
route:ops-admin:/dashboard/finance/refunds,Ops Admin /dashboard/finance/refunds,page-route,WIRED,apps/ops-admin/src/app/dashboard/finance/refunds/page.tsx,,
file:apps/ops-admin/src/app/dashboard/finance/refunds/page.tsx,apps/ops-admin/src/app/dashboard/finance/refunds/page.tsx,file,WIRED,,,
route:ops-admin:/dashboard/health,Ops Admin /dashboard/health,page-route,PARTIAL,apps/ops-admin/src/app/dashboard/health/page.tsx,,
file:apps/ops-admin/src/app/dashboard/health/page.tsx,apps/ops-admin/src/app/dashboard/health/page.tsx,file,PARTIAL,,,
route:ops-admin:/dashboard/integrations,Ops Admin /dashboard/integrations,page-route,WIRED,apps/ops-admin/src/app/dashboard/integrations/page.tsx,,
file:apps/ops-admin/src/app/dashboard/integrations/page.tsx,apps/ops-admin/src/app/dashboard/integrations/page.tsx,file,WIRED,,,
route:ops-admin:/dashboard/map,Ops Admin /dashboard/map,page-route,WIRED,apps/ops-admin/src/app/dashboard/map/page.tsx,,
file:apps/ops-admin/src/app/dashboard/map/page.tsx,apps/ops-admin/src/app/dashboard/map/page.tsx,file,WIRED,,,
route:ops-admin:/dashboard/orders/:id,Ops Admin /dashboard/orders/:id,page-route,WIRED,apps/ops-admin/src/app/dashboard/orders/[id]/page.tsx,,
file:apps/ops-admin/src/app/dashboard/orders/[id]/page.tsx,apps/ops-admin/src/app/dashboard/orders/[id]/page.tsx,file,WIRED,,,
table:order_exceptions,order_exceptions,table,,,,
route:ops-admin:/dashboard/orders,Ops Admin /dashboard/orders,page-route,PARTIAL,apps/ops-admin/src/app/dashboard/orders/page.tsx,,
file:apps/ops-admin/src/app/dashboard/orders/page.tsx,apps/ops-admin/src/app/dashboard/orders/page.tsx,file,PARTIAL,,,
route:ops-admin:/dashboard,Ops Admin /dashboard,page-route,WIRED,apps/ops-admin/src/app/dashboard/page.tsx,,
file:apps/ops-admin/src/app/dashboard/page.tsx,apps/ops-admin/src/app/dashboard/page.tsx,file,WIRED,,,
table:deliveries,deliveries,table,,,,
route:ops-admin:/dashboard/promos,Ops Admin /dashboard/promos,page-route,PARTIAL,apps/ops-admin/src/app/dashboard/promos/page.tsx,,
file:apps/ops-admin/src/app/dashboard/promos/page.tsx,apps/ops-admin/src/app/dashboard/promos/page.tsx,file,PARTIAL,,,
route:ops-admin:/dashboard/reports,Ops Admin /dashboard/reports,page-route,WIRED,apps/ops-admin/src/app/dashboard/reports/page.tsx,,
file:apps/ops-admin/src/app/dashboard/reports/page.tsx,apps/ops-admin/src/app/dashboard/reports/page.tsx,file,WIRED,,,
route:ops-admin:/dashboard/settings,Ops Admin /dashboard/settings,page-route,WIRED,apps/ops-admin/src/app/dashboard/settings/page.tsx,,
file:apps/ops-admin/src/app/dashboard/settings/page.tsx,apps/ops-admin/src/app/dashboard/settings/page.tsx,file,WIRED,,,
route:ops-admin:/dashboard/support,Ops Admin /dashboard/support,page-route,PARTIAL,apps/ops-admin/src/app/dashboard/support/page.tsx,,
file:apps/ops-admin/src/app/dashboard/support/page.tsx,apps/ops-admin/src/app/dashboard/support/page.tsx,file,PARTIAL,,,
route:ops-admin:/dashboard/team,Ops Admin /dashboard/team,page-route,PARTIAL,apps/ops-admin/src/app/dashboard/team/page.tsx,,
file:apps/ops-admin/src/app/dashboard/team/page.tsx,apps/ops-admin/src/app/dashboard/team/page.tsx,file,PARTIAL,,,
route:ops-admin:/internal/command-center,Ops Admin /internal/command-center,page-route,WIRED,apps/ops-admin/src/app/internal/command-center/page.tsx,,
file:apps/ops-admin/src/app/internal/command-center/page.tsx,apps/ops-admin/src/app/internal/command-center/page.tsx,file,WIRED,,,
route:ops-admin:/,Ops Admin /,page-route,WIRED,apps/ops-admin/src/app/page.tsx,,
file:apps/ops-admin/src/app/page.tsx,apps/ops-admin/src/app/page.tsx,file,WIRED,,,
route:chef-admin:/auth/login,Chef Admin /auth/login,page-route,PARTIAL,apps/chef-admin/src/app/auth/login/page.tsx,,
file:apps/chef-admin/src/app/auth/login/page.tsx,apps/chef-admin/src/app/auth/login/page.tsx,file,PARTIAL,,,
route:chef-admin:/auth/signup,Chef Admin /auth/signup,page-route,PARTIAL,apps/chef-admin/src/app/auth/signup/page.tsx,,
file:apps/chef-admin/src/app/auth/signup/page.tsx,apps/chef-admin/src/app/auth/signup/page.tsx,file,PARTIAL,,,
route:chef-admin:/dashboard/analytics,Chef Admin /dashboard/analytics,page-route,PARTIAL,apps/chef-admin/src/app/dashboard/analytics/page.tsx,,
file:apps/chef-admin/src/app/dashboard/analytics/page.tsx,apps/chef-admin/src/app/dashboard/analytics/page.tsx,file,PARTIAL,,,
route:chef-admin:/dashboard/availability,Chef Admin /dashboard/availability,page-route,WIRED,apps/chef-admin/src/app/dashboard/availability/page.tsx,,
file:apps/chef-admin/src/app/dashboard/availability/page.tsx,apps/chef-admin/src/app/dashboard/availability/page.tsx,file,WIRED,,,
route:chef-admin:/dashboard/menu,Chef Admin /dashboard/menu,page-route,WIRED,apps/chef-admin/src/app/dashboard/menu/page.tsx,,
file:apps/chef-admin/src/app/dashboard/menu/page.tsx,apps/chef-admin/src/app/dashboard/menu/page.tsx,file,WIRED,,,
table:chef_profiles,chef_profiles,table,,,,
route:chef-admin:/dashboard/orders/:id,Chef Admin /dashboard/orders/:id,page-route,WIRED,apps/chef-admin/src/app/dashboard/orders/[id]/page.tsx,,
file:apps/chef-admin/src/app/dashboard/orders/[id]/page.tsx,apps/chef-admin/src/app/dashboard/orders/[id]/page.tsx,file,WIRED,,,
route:chef-admin:/dashboard/orders,Chef Admin /dashboard/orders,page-route,WIRED,apps/chef-admin/src/app/dashboard/orders/page.tsx,,
file:apps/chef-admin/src/app/dashboard/orders/page.tsx,apps/chef-admin/src/app/dashboard/orders/page.tsx,file,WIRED,,,
route:chef-admin:/dashboard,Chef Admin /dashboard,page-route,WIRED,apps/chef-admin/src/app/dashboard/page.tsx,,
file:apps/chef-admin/src/app/dashboard/page.tsx,apps/chef-admin/src/app/dashboard/page.tsx,file,WIRED,,,
table:chef_availability,chef_availability,table,,,,
table:chef_payout_accounts,chef_payout_accounts,table,,,,
table:customers,customers,table,,,,
route:chef-admin:/dashboard/payouts,Chef Admin /dashboard/payouts,page-route,WIRED,apps/chef-admin/src/app/dashboard/payouts/page.tsx,,
file:apps/chef-admin/src/app/dashboard/payouts/page.tsx,apps/chef-admin/src/app/dashboard/payouts/page.tsx,file,WIRED,,,
table:chef_payouts,chef_payouts,table,,,,
route:chef-admin:/dashboard/reviews,Chef Admin /dashboard/reviews,page-route,PARTIAL,apps/chef-admin/src/app/dashboard/reviews/page.tsx,,
file:apps/chef-admin/src/app/dashboard/reviews/page.tsx,apps/chef-admin/src/app/dashboard/reviews/page.tsx,file,PARTIAL,,,
table:reviews,reviews,table,,,,
route:chef-admin:/dashboard/settings,Chef Admin /dashboard/settings,page-route,WIRED,apps/chef-admin/src/app/dashboard/settings/page.tsx,,
file:apps/chef-admin/src/app/dashboard/settings/page.tsx,apps/chef-admin/src/app/dashboard/settings/page.tsx,file,WIRED,,,
route:chef-admin:/dashboard/storefront,Chef Admin /dashboard/storefront,page-route,WIRED,apps/chef-admin/src/app/dashboard/storefront/page.tsx,,
file:apps/chef-admin/src/app/dashboard/storefront/page.tsx,apps/chef-admin/src/app/dashboard/storefront/page.tsx,file,WIRED,,,
route:chef-admin:/,Chef Admin /,page-route,WIRED,apps/chef-admin/src/app/page.tsx,,
file:apps/chef-admin/src/app/page.tsx,apps/chef-admin/src/app/page.tsx,file,WIRED,,,
route:driver-app:/auth/login,Driver App /auth/login,page-route,PARTIAL,apps/driver-app/src/app/auth/login/page.tsx,,
file:apps/driver-app/src/app/auth/login/page.tsx,apps/driver-app/src/app/auth/login/page.tsx,file,PARTIAL,,,
route:driver-app:/auth/signup,Driver App /auth/signup,page-route,PARTIAL,apps/driver-app/src/app/auth/signup/page.tsx,,
file:apps/driver-app/src/app/auth/signup/page.tsx,apps/driver-app/src/app/auth/signup/page.tsx,file,PARTIAL,,,
route:driver-app:/delivery/:id,Driver App /delivery/:id,page-route,WIRED,apps/driver-app/src/app/delivery/[id]/page.tsx,,
file:apps/driver-app/src/app/delivery/[id]/page.tsx,apps/driver-app/src/app/delivery/[id]/page.tsx,file,WIRED,,,
table:assignment_attempts,assignment_attempts,table,,,,
route:driver-app:/earnings,Driver App /earnings,page-route,WIRED,apps/driver-app/src/app/earnings/page.tsx,,
file:apps/driver-app/src/app/earnings/page.tsx,apps/driver-app/src/app/earnings/page.tsx,file,WIRED,,,
route:driver-app:/history,Driver App /history,page-route,WIRED,apps/driver-app/src/app/history/page.tsx,,
file:apps/driver-app/src/app/history/page.tsx,apps/driver-app/src/app/history/page.tsx,file,WIRED,,,
route:driver-app:/,Driver App /,page-route,WIRED,apps/driver-app/src/app/page.tsx,,
file:apps/driver-app/src/app/page.tsx,apps/driver-app/src/app/page.tsx,file,WIRED,,,
route:driver-app:/profile,Driver App /profile,page-route,WIRED,apps/driver-app/src/app/profile/page.tsx,,
file:apps/driver-app/src/app/profile/page.tsx,apps/driver-app/src/app/profile/page.tsx,file,WIRED,,,
route:driver-app:/settings,Driver App /settings,page-route,WIRED,apps/driver-app/src/app/settings/page.tsx,,
file:apps/driver-app/src/app/settings/page.tsx,apps/driver-app/src/app/settings/page.tsx,file,WIRED,,,
api:web:/api/addresses,Customer Web /api/addresses,api-route,WIRED,apps/web/src/app/api/addresses/route.ts,,"DELETE,GET,PATCH,POST"
file:apps/web/src/app/api/addresses/route.ts,apps/web/src/app/api/addresses/route.ts,file,WIRED,,,
table:customer_addresses,customer_addresses,table,,,,
package:@ridendine/engine,@ridendine/engine,package,,,,
package:@ridendine/validation,@ridendine/validation,package,,,,
external:Supabase,Supabase,external,,,,
api:web:/api/auth/login,Customer Web /api/auth/login,api-route,WIRED,apps/web/src/app/api/auth/login/route.ts,,POST
file:apps/web/src/app/api/auth/login/route.ts,apps/web/src/app/api/auth/login/route.ts,file,WIRED,,,
package:@ridendine/utils,@ridendine/utils,package,,,,
api:web:/api/auth/signup,Customer Web /api/auth/signup,api-route,WIRED,apps/web/src/app/api/auth/signup/route.ts,,POST
file:apps/web/src/app/api/auth/signup/route.ts,apps/web/src/app/api/auth/signup/route.ts,file,WIRED,,,
api:web:/api/cart,Customer Web /api/cart,api-route,WIRED,apps/web/src/app/api/cart/route.ts,,"DELETE,GET,PATCH,POST"
file:apps/web/src/app/api/cart/route.ts,apps/web/src/app/api/cart/route.ts,file,WIRED,,,
table:cart_items,cart_items,table,,,,
api:web:/api/checkout,Customer Web /api/checkout,api-route,PARTIAL,apps/web/src/app/api/checkout/route.ts,,POST
file:apps/web/src/app/api/checkout/route.ts,apps/web/src/app/api/checkout/route.ts,file,PARTIAL,,,
table:checkout_idempotency_keys,checkout_idempotency_keys,table,,,,
table:chef_kitchens,chef_kitchens,table,,,,
table:promo_codes,promo_codes,table,,,,
table:service_areas,service_areas,table,,,,
external:Stripe,Stripe,external,,,,
api:web:/api/eta,Customer Web /api/eta,api-route,PARTIAL,apps/web/src/app/api/eta/route.ts,,GET
file:apps/web/src/app/api/eta/route.ts,apps/web/src/app/api/eta/route.ts,file,PARTIAL,,,
package:@ridendine/routing,@ridendine/routing,package,,,,
external:Routing provider,Routing provider,external,,,,
api:web:/api/favorites,Customer Web /api/favorites,api-route,WIRED,apps/web/src/app/api/favorites/route.ts,,"GET,POST"
file:apps/web/src/app/api/favorites/route.ts,apps/web/src/app/api/favorites/route.ts,file,WIRED,,,
table:favorites,favorites,table,,,,
package:@ridendine/engine/server,@ridendine/engine/server,package,,,,
api:web:/api/health,Customer Web /api/health,api-route,PARTIAL,apps/web/src/app/api/health/route.ts,,GET
file:apps/web/src/app/api/health/route.ts,apps/web/src/app/api/health/route.ts,file,PARTIAL,,,
api:web:/api/loyalty,Customer Web /api/loyalty,api-route,PARTIAL,apps/web/src/app/api/loyalty/route.ts,,"GET,POST"
file:apps/web/src/app/api/loyalty/route.ts,apps/web/src/app/api/loyalty/route.ts,file,PARTIAL,,,
table:loyalty_transactions,loyalty_transactions,table,,,,
api:web:/api/notifications,Customer Web /api/notifications,api-route,WIRED,apps/web/src/app/api/notifications/route.ts,,"GET,PATCH,POST"
file:apps/web/src/app/api/notifications/route.ts,apps/web/src/app/api/notifications/route.ts,file,WIRED,,,
table:notifications,notifications,table,,,,
api:web:/api/notifications/subscribe,Customer Web /api/notifications/subscribe,api-route,WIRED,apps/web/src/app/api/notifications/subscribe/route.ts,,"DELETE,POST"
file:apps/web/src/app/api/notifications/subscribe/route.ts,apps/web/src/app/api/notifications/subscribe/route.ts,file,WIRED,,,
table:push_subscriptions,push_subscriptions,table,,,,
api:web:/api/orders/:id/cancel,Customer Web /api/orders/:id/cancel,api-route,PARTIAL,apps/web/src/app/api/orders/[id]/cancel/route.ts,,POST
file:apps/web/src/app/api/orders/[id]/cancel/route.ts,apps/web/src/app/api/orders/[id]/cancel/route.ts,file,PARTIAL,,,
api:web:/api/orders/:id,Customer Web /api/orders/:id,api-route,PARTIAL,apps/web/src/app/api/orders/[id]/route.ts,,"GET,PATCH"
file:apps/web/src/app/api/orders/[id]/route.ts,apps/web/src/app/api/orders/[id]/route.ts,file,PARTIAL,,,
table:order_status_history,order_status_history,table,,,,
api:web:/api/orders,Customer Web /api/orders,api-route,PARTIAL,apps/web/src/app/api/orders/route.ts,,GET
file:apps/web/src/app/api/orders/route.ts,apps/web/src/app/api/orders/route.ts,file,PARTIAL,,,
api:web:/api/payment-methods,Customer Web /api/payment-methods,api-route,WIRED,apps/web/src/app/api/payment-methods/route.ts,,"DELETE,GET"
file:apps/web/src/app/api/payment-methods/route.ts,apps/web/src/app/api/payment-methods/route.ts,file,WIRED,,,
api:web:/api/profile,Customer Web /api/profile,api-route,WIRED,apps/web/src/app/api/profile/route.ts,,"GET,PATCH"
file:apps/web/src/app/api/profile/route.ts,apps/web/src/app/api/profile/route.ts,file,WIRED,,,
api:web:/api/promos/validate,Customer Web /api/promos/validate,api-route,WIRED,apps/web/src/app/api/promos/validate/route.ts,,GET
file:apps/web/src/app/api/promos/validate/route.ts,apps/web/src/app/api/promos/validate/route.ts,file,WIRED,,,
api:web:/api/referrals/apply,Customer Web /api/referrals/apply,api-route,WIRED,apps/web/src/app/api/referrals/apply/route.ts,,POST
file:apps/web/src/app/api/referrals/apply/route.ts,apps/web/src/app/api/referrals/apply/route.ts,file,WIRED,,,
api:web:/api/referrals,Customer Web /api/referrals,api-route,PARTIAL,apps/web/src/app/api/referrals/route.ts,,"GET,POST"
file:apps/web/src/app/api/referrals/route.ts,apps/web/src/app/api/referrals/route.ts,file,PARTIAL,,,
api:web:/api/reviews,Customer Web /api/reviews,api-route,WIRED,apps/web/src/app/api/reviews/route.ts,,"GET,POST"
file:apps/web/src/app/api/reviews/route.ts,apps/web/src/app/api/reviews/route.ts,file,WIRED,,,
api:web:/api/support,Customer Web /api/support,api-route,PARTIAL,apps/web/src/app/api/support/route.ts,,"GET,POST"
file:apps/web/src/app/api/support/route.ts,apps/web/src/app/api/support/route.ts,file,PARTIAL,,,
api:web:/api/support/tickets/:id,Customer Web /api/support/tickets/:id,api-route,WIRED,apps/web/src/app/api/support/tickets/[id]/route.ts,,GET
file:apps/web/src/app/api/support/tickets/[id]/route.ts,apps/web/src/app/api/support/tickets/[id]/route.ts,file,WIRED,,,
api:web:/api/support/tickets,Customer Web /api/support/tickets,api-route,WIRED,apps/web/src/app/api/support/tickets/route.ts,,GET
file:apps/web/src/app/api/support/tickets/route.ts,apps/web/src/app/api/support/tickets/route.ts,file,WIRED,,,
api:web:/api/upload,Customer Web /api/upload,api-route,WIRED,apps/web/src/app/api/upload/route.ts,,POST
file:apps/web/src/app/api/upload/route.ts,apps/web/src/app/api/upload/route.ts,file,WIRED,,,
api:web:/api/webhooks/stripe,Customer Web /api/webhooks/stripe,api-route,PARTIAL,apps/web/src/app/api/webhooks/stripe/route.ts,,POST
file:apps/web/src/app/api/webhooks/stripe/route.ts,apps/web/src/app/api/webhooks/stripe/route.ts,file,PARTIAL,,,
api:ops-admin:/api/analytics,Ops Admin /api/analytics,api-route,PARTIAL,apps/ops-admin/src/app/api/analytics/route.ts,,GET
file:apps/ops-admin/src/app/api/analytics/route.ts,apps/ops-admin/src/app/api/analytics/route.ts,file,PARTIAL,,,
api:ops-admin:/api/analytics/trends,Ops Admin /api/analytics/trends,api-route,PARTIAL,apps/ops-admin/src/app/api/analytics/trends/route.ts,,GET
file:apps/ops-admin/src/app/api/analytics/trends/route.ts,apps/ops-admin/src/app/api/analytics/trends/route.ts,file,PARTIAL,,,
api:ops-admin:/api/announcements,Ops Admin /api/announcements,api-route,PARTIAL,apps/ops-admin/src/app/api/announcements/route.ts,,POST
file:apps/ops-admin/src/app/api/announcements/route.ts,apps/ops-admin/src/app/api/announcements/route.ts,file,PARTIAL,,,
api:ops-admin:/api/audit/recent,Ops Admin /api/audit/recent,api-route,PARTIAL,apps/ops-admin/src/app/api/audit/recent/route.ts,,GET
file:apps/ops-admin/src/app/api/audit/recent/route.ts,apps/ops-admin/src/app/api/audit/recent/route.ts,file,PARTIAL,,,
api:ops-admin:/api/chefs/:id,Ops Admin /api/chefs/:id,api-route,MISSING,apps/ops-admin/src/app/api/chefs/[id]/route.ts,,PATCH
file:apps/ops-admin/src/app/api/chefs/[id]/route.ts,apps/ops-admin/src/app/api/chefs/[id]/route.ts,file,MISSING,,,
api:ops-admin:/api/chefs,Ops Admin /api/chefs,api-route,PARTIAL,apps/ops-admin/src/app/api/chefs/route.ts,,"GET,POST"
file:apps/ops-admin/src/app/api/chefs/route.ts,apps/ops-admin/src/app/api/chefs/route.ts,file,PARTIAL,,,
api:ops-admin:/api/cron/expired-offers,Ops Admin /api/cron/expired-offers,api-route,PARTIAL,apps/ops-admin/src/app/api/cron/expired-offers/route.ts,,"GET,POST"
file:apps/ops-admin/src/app/api/cron/expired-offers/route.ts,apps/ops-admin/src/app/api/cron/expired-offers/route.ts,file,PARTIAL,,,
api:ops-admin:/api/cron/payouts-chef-preview,Ops Admin /api/cron/payouts-chef-preview,api-route,PARTIAL,apps/ops-admin/src/app/api/cron/payouts-chef-preview/route.ts,,"GET,POST"
file:apps/ops-admin/src/app/api/cron/payouts-chef-preview/route.ts,apps/ops-admin/src/app/api/cron/payouts-chef-preview/route.ts,file,PARTIAL,,,
api:ops-admin:/api/cron/payouts-driver-preview,Ops Admin /api/cron/payouts-driver-preview,api-route,PARTIAL,apps/ops-admin/src/app/api/cron/payouts-driver-preview/route.ts,,"GET,POST"
file:apps/ops-admin/src/app/api/cron/payouts-driver-preview/route.ts,apps/ops-admin/src/app/api/cron/payouts-driver-preview/route.ts,file,PARTIAL,,,
api:ops-admin:/api/cron/reconciliation-daily,Ops Admin /api/cron/reconciliation-daily,api-route,PARTIAL,apps/ops-admin/src/app/api/cron/reconciliation-daily/route.ts,,"GET,POST"
file:apps/ops-admin/src/app/api/cron/reconciliation-daily/route.ts,apps/ops-admin/src/app/api/cron/reconciliation-daily/route.ts,file,PARTIAL,,,
api:ops-admin:/api/cron/sla-tick,Ops Admin /api/cron/sla-tick,api-route,PARTIAL,apps/ops-admin/src/app/api/cron/sla-tick/route.ts,,"GET,POST"
file:apps/ops-admin/src/app/api/cron/sla-tick/route.ts,apps/ops-admin/src/app/api/cron/sla-tick/route.ts,file,PARTIAL,,,
api:ops-admin:/api/customers/:id/notify,Ops Admin /api/customers/:id/notify,api-route,PARTIAL,apps/ops-admin/src/app/api/customers/[id]/notify/route.ts,,POST
file:apps/ops-admin/src/app/api/customers/[id]/notify/route.ts,apps/ops-admin/src/app/api/customers/[id]/notify/route.ts,file,PARTIAL,,,
api:ops-admin:/api/customers,Ops Admin /api/customers,api-route,PARTIAL,apps/ops-admin/src/app/api/customers/route.ts,,"GET,POST"
file:apps/ops-admin/src/app/api/customers/route.ts,apps/ops-admin/src/app/api/customers/route.ts,file,PARTIAL,,,
api:ops-admin:/api/deliveries/:id,Ops Admin /api/deliveries/:id,api-route,MISSING,apps/ops-admin/src/app/api/deliveries/[id]/route.ts,,PATCH
file:apps/ops-admin/src/app/api/deliveries/[id]/route.ts,apps/ops-admin/src/app/api/deliveries/[id]/route.ts,file,MISSING,,,
api:ops-admin:/api/deliveries,Ops Admin /api/deliveries,api-route,PARTIAL,apps/ops-admin/src/app/api/deliveries/route.ts,,GET
file:apps/ops-admin/src/app/api/deliveries/route.ts,apps/ops-admin/src/app/api/deliveries/route.ts,file,PARTIAL,,,
api:ops-admin:/api/drivers/:id,Ops Admin /api/drivers/:id,api-route,MISSING,apps/ops-admin/src/app/api/drivers/[id]/route.ts,,PATCH
file:apps/ops-admin/src/app/api/drivers/[id]/route.ts,apps/ops-admin/src/app/api/drivers/[id]/route.ts,file,MISSING,,,
api:ops-admin:/api/drivers,Ops Admin /api/drivers,api-route,PARTIAL,apps/ops-admin/src/app/api/drivers/route.ts,,"GET,POST"
file:apps/ops-admin/src/app/api/drivers/route.ts,apps/ops-admin/src/app/api/drivers/route.ts,file,PARTIAL,,,
api:ops-admin:/api/engine/dashboard,Ops Admin /api/engine/dashboard,api-route,PARTIAL,apps/ops-admin/src/app/api/engine/dashboard/route.ts,,"GET,POST"
file:apps/ops-admin/src/app/api/engine/dashboard/route.ts,apps/ops-admin/src/app/api/engine/dashboard/route.ts,file,PARTIAL,,,
table:get_ops_dashboard_stats,get_ops_dashboard_stats,table,,,,
table:system_alerts,system_alerts,table,,,,
api:ops-admin:/api/engine/dispatch/offer-history,Ops Admin /api/engine/dispatch/offer-history,api-route,PARTIAL,apps/ops-admin/src/app/api/engine/dispatch/offer-history/route.ts,,GET
file:apps/ops-admin/src/app/api/engine/dispatch/offer-history/route.ts,apps/ops-admin/src/app/api/engine/dispatch/offer-history/route.ts,file,PARTIAL,,,
api:ops-admin:/api/engine/dispatch,Ops Admin /api/engine/dispatch,api-route,PARTIAL,apps/ops-admin/src/app/api/engine/dispatch/route.ts,,"GET,POST"
file:apps/ops-admin/src/app/api/engine/dispatch/route.ts,apps/ops-admin/src/app/api/engine/dispatch/route.ts,file,PARTIAL,,,
api:ops-admin:/api/engine/exceptions/:id,Ops Admin /api/engine/exceptions/:id,api-route,PARTIAL,apps/ops-admin/src/app/api/engine/exceptions/[id]/route.ts,,"GET,PATCH"
file:apps/ops-admin/src/app/api/engine/exceptions/[id]/route.ts,apps/ops-admin/src/app/api/engine/exceptions/[id]/route.ts,file,PARTIAL,,,
api:ops-admin:/api/engine/exceptions,Ops Admin /api/engine/exceptions,api-route,PARTIAL,apps/ops-admin/src/app/api/engine/exceptions/route.ts,,"GET,POST"
file:apps/ops-admin/src/app/api/engine/exceptions/route.ts,apps/ops-admin/src/app/api/engine/exceptions/route.ts,file,PARTIAL,,,
api:ops-admin:/api/engine/finance,Ops Admin /api/engine/finance,api-route,PARTIAL,apps/ops-admin/src/app/api/engine/finance/route.ts,,"GET,POST"
file:apps/ops-admin/src/app/api/engine/finance/route.ts,apps/ops-admin/src/app/api/engine/finance/route.ts,file,PARTIAL,,,
api:ops-admin:/api/engine/health,Ops Admin /api/engine/health,api-route,PARTIAL,apps/ops-admin/src/app/api/engine/health/route.ts,,GET
file:apps/ops-admin/src/app/api/engine/health/route.ts,apps/ops-admin/src/app/api/engine/health/route.ts,file,PARTIAL,,,
api:ops-admin:/api/engine/maintenance,Ops Admin /api/engine/maintenance,api-route,PARTIAL,apps/ops-admin/src/app/api/engine/maintenance/route.ts,,"GET,POST"
file:apps/ops-admin/src/app/api/engine/maintenance/route.ts,apps/ops-admin/src/app/api/engine/maintenance/route.ts,file,PARTIAL,,,
table:platform_settings,platform_settings,table,,,,
api:ops-admin:/api/engine/orders/:id,Ops Admin /api/engine/orders/:id,api-route,PARTIAL,apps/ops-admin/src/app/api/engine/orders/[id]/route.ts,,"GET,PATCH"
file:apps/ops-admin/src/app/api/engine/orders/[id]/route.ts,apps/ops-admin/src/app/api/engine/orders/[id]/route.ts,file,PARTIAL,,,
api:ops-admin:/api/engine/payouts/execute,Ops Admin /api/engine/payouts/execute,api-route,PARTIAL,apps/ops-admin/src/app/api/engine/payouts/execute/route.ts,,POST
file:apps/ops-admin/src/app/api/engine/payouts/execute/route.ts,apps/ops-admin/src/app/api/engine/payouts/execute/route.ts,file,PARTIAL,,,
api:ops-admin:/api/engine/payouts/instant/:id,Ops Admin /api/engine/payouts/instant/:id,api-route,PARTIAL,apps/ops-admin/src/app/api/engine/payouts/instant/[id]/route.ts,,"DELETE,POST"
file:apps/ops-admin/src/app/api/engine/payouts/instant/[id]/route.ts,apps/ops-admin/src/app/api/engine/payouts/instant/[id]/route.ts,file,PARTIAL,,,
api:ops-admin:/api/engine/payouts/instant,Ops Admin /api/engine/payouts/instant,api-route,PARTIAL,apps/ops-admin/src/app/api/engine/payouts/instant/route.ts,,GET
file:apps/ops-admin/src/app/api/engine/payouts/instant/route.ts,apps/ops-admin/src/app/api/engine/payouts/instant/route.ts,file,PARTIAL,,,
api:ops-admin:/api/engine/payouts/preview,Ops Admin /api/engine/payouts/preview,api-route,MISSING,apps/ops-admin/src/app/api/engine/payouts/preview/route.ts,,POST
file:apps/ops-admin/src/app/api/engine/payouts/preview/route.ts,apps/ops-admin/src/app/api/engine/payouts/preview/route.ts,file,MISSING,,,
api:ops-admin:/api/engine/payouts,Ops Admin /api/engine/payouts,api-route,PARTIAL,apps/ops-admin/src/app/api/engine/payouts/route.ts,,"GET,POST"
file:apps/ops-admin/src/app/api/engine/payouts/route.ts,apps/ops-admin/src/app/api/engine/payouts/route.ts,file,PARTIAL,,,
api:ops-admin:/api/engine/processors/expired-offers,Ops Admin /api/engine/processors/expired-offers,api-route,PARTIAL,apps/ops-admin/src/app/api/engine/processors/expired-offers/route.ts,,"GET,POST"
file:apps/ops-admin/src/app/api/engine/processors/expired-offers/route.ts,apps/ops-admin/src/app/api/engine/processors/expired-offers/route.ts,file,PARTIAL,,,
api:ops-admin:/api/engine/processors/sla,Ops Admin /api/engine/processors/sla,api-route,PARTIAL,apps/ops-admin/src/app/api/engine/processors/sla/route.ts,,"GET,POST"
file:apps/ops-admin/src/app/api/engine/processors/sla/route.ts,apps/ops-admin/src/app/api/engine/processors/sla/route.ts,file,PARTIAL,,,
api:ops-admin:/api/engine/reconciliation,Ops Admin /api/engine/reconciliation,api-route,PARTIAL,apps/ops-admin/src/app/api/engine/reconciliation/route.ts,,"GET,POST"
file:apps/ops-admin/src/app/api/engine/reconciliation/route.ts,apps/ops-admin/src/app/api/engine/reconciliation/route.ts,file,PARTIAL,,,
api:ops-admin:/api/engine/refunds,Ops Admin /api/engine/refunds,api-route,PARTIAL,apps/ops-admin/src/app/api/engine/refunds/route.ts,,"GET,POST"
file:apps/ops-admin/src/app/api/engine/refunds/route.ts,apps/ops-admin/src/app/api/engine/refunds/route.ts,file,PARTIAL,,,
api:ops-admin:/api/engine/rules,Ops Admin /api/engine/rules,api-route,PARTIAL,apps/ops-admin/src/app/api/engine/rules/route.ts,,"GET,PATCH"
file:apps/ops-admin/src/app/api/engine/rules/route.ts,apps/ops-admin/src/app/api/engine/rules/route.ts,file,PARTIAL,,,
api:ops-admin:/api/engine/settings,Ops Admin /api/engine/settings,api-route,PARTIAL,apps/ops-admin/src/app/api/engine/settings/route.ts,,"GET,POST"
file:apps/ops-admin/src/app/api/engine/settings/route.ts,apps/ops-admin/src/app/api/engine/settings/route.ts,file,PARTIAL,,,
api:ops-admin:/api/engine/storefronts/:id,Ops Admin /api/engine/storefronts/:id,api-route,PARTIAL,apps/ops-admin/src/app/api/engine/storefronts/[id]/route.ts,,"GET,PATCH"
file:apps/ops-admin/src/app/api/engine/storefronts/[id]/route.ts,apps/ops-admin/src/app/api/engine/storefronts/[id]/route.ts,file,PARTIAL,,,
table:storefront_state_changes,storefront_state_changes,table,,,,
api:ops-admin:/api/export,Ops Admin /api/export,api-route,PARTIAL,apps/ops-admin/src/app/api/export/route.ts,,GET
file:apps/ops-admin/src/app/api/export/route.ts,apps/ops-admin/src/app/api/export/route.ts,file,PARTIAL,,,
table:stripe_events_processed,stripe_events_processed,table,,,,
api:ops-admin:/api/health,Ops Admin /api/health,api-route,PARTIAL,apps/ops-admin/src/app/api/health/route.ts,,GET
file:apps/ops-admin/src/app/api/health/route.ts,apps/ops-admin/src/app/api/health/route.ts,file,PARTIAL,,,
api:ops-admin:/api/internal/command-center/change-requests,Ops Admin /api/internal/command-center/change-requests,api-route,MISSING,apps/ops-admin/src/app/api/internal/command-center/change-requests/route.ts,,"GET,PATCH,POST"
file:apps/ops-admin/src/app/api/internal/command-center/change-requests/route.ts,apps/ops-admin/src/app/api/internal/command-center/change-requests/route.ts,file,MISSING,,,
api:ops-admin:/api/ops/live-board,Ops Admin /api/ops/live-board,api-route,PARTIAL,apps/ops-admin/src/app/api/ops/live-board/route.ts,,GET
file:apps/ops-admin/src/app/api/ops/live-board/route.ts,apps/ops-admin/src/app/api/ops/live-board/route.ts,file,PARTIAL,,,
api:ops-admin:/api/orders/:id/refund,Ops Admin /api/orders/:id/refund,api-route,PARTIAL,apps/ops-admin/src/app/api/orders/[id]/refund/route.ts,,POST
file:apps/ops-admin/src/app/api/orders/[id]/refund/route.ts,apps/ops-admin/src/app/api/orders/[id]/refund/route.ts,file,PARTIAL,,,
api:ops-admin:/api/orders/:id,Ops Admin /api/orders/:id,api-route,PARTIAL,apps/ops-admin/src/app/api/orders/[id]/route.ts,,"GET,PATCH"
file:apps/ops-admin/src/app/api/orders/[id]/route.ts,apps/ops-admin/src/app/api/orders/[id]/route.ts,file,PARTIAL,,,
api:ops-admin:/api/orders,Ops Admin /api/orders,api-route,PARTIAL,apps/ops-admin/src/app/api/orders/route.ts,,GET
file:apps/ops-admin/src/app/api/orders/route.ts,apps/ops-admin/src/app/api/orders/route.ts,file,PARTIAL,,,
api:ops-admin:/api/promos,Ops Admin /api/promos,api-route,PARTIAL,apps/ops-admin/src/app/api/promos/route.ts,,"DELETE,GET,PATCH,POST"
file:apps/ops-admin/src/app/api/promos/route.ts,apps/ops-admin/src/app/api/promos/route.ts,file,PARTIAL,,,
api:ops-admin:/api/stripe/webhook,Ops Admin /api/stripe/webhook,api-route,PARTIAL,apps/ops-admin/src/app/api/stripe/webhook/route.ts,,POST
file:apps/ops-admin/src/app/api/stripe/webhook/route.ts,apps/ops-admin/src/app/api/stripe/webhook/route.ts,file,PARTIAL,,,
api:ops-admin:/api/support/:id,Ops Admin /api/support/:id,api-route,PARTIAL,apps/ops-admin/src/app/api/support/[id]/route.ts,,PATCH
file:apps/ops-admin/src/app/api/support/[id]/route.ts,apps/ops-admin/src/app/api/support/[id]/route.ts,file,PARTIAL,,,
api:ops-admin:/api/support,Ops Admin /api/support,api-route,PARTIAL,apps/ops-admin/src/app/api/support/route.ts,,"GET,POST"
file:apps/ops-admin/src/app/api/support/route.ts,apps/ops-admin/src/app/api/support/route.ts,file,PARTIAL,,,
api:ops-admin:/api/surge,Ops Admin /api/surge,api-route,PARTIAL,apps/ops-admin/src/app/api/surge/route.ts,,"GET,PATCH"
file:apps/ops-admin/src/app/api/surge/route.ts,apps/ops-admin/src/app/api/surge/route.ts,file,PARTIAL,,,
api:ops-admin:/api/team,Ops Admin /api/team,api-route,PARTIAL,apps/ops-admin/src/app/api/team/route.ts,,"GET,PATCH,POST"
file:apps/ops-admin/src/app/api/team/route.ts,apps/ops-admin/src/app/api/team/route.ts,file,PARTIAL,,,
api:chef-admin:/api/analytics,Chef Admin /api/analytics,api-route,PARTIAL,apps/chef-admin/src/app/api/analytics/route.ts,,GET
file:apps/chef-admin/src/app/api/analytics/route.ts,apps/chef-admin/src/app/api/analytics/route.ts,file,PARTIAL,,,
table:order_items,order_items,table,,,,
api:chef-admin:/api/auth/signup,Chef Admin /api/auth/signup,api-route,WIRED,apps/chef-admin/src/app/api/auth/signup/route.ts,,POST
file:apps/chef-admin/src/app/api/auth/signup/route.ts,apps/chef-admin/src/app/api/auth/signup/route.ts,file,WIRED,,,
api:chef-admin:/api/health,Chef Admin /api/health,api-route,PARTIAL,apps/chef-admin/src/app/api/health/route.ts,,GET
file:apps/chef-admin/src/app/api/health/route.ts,apps/chef-admin/src/app/api/health/route.ts,file,PARTIAL,,,
api:chef-admin:/api/menu/:id,Chef Admin /api/menu/:id,api-route,PARTIAL,apps/chef-admin/src/app/api/menu/[id]/route.ts,,"DELETE,GET,PATCH"
file:apps/chef-admin/src/app/api/menu/[id]/route.ts,apps/chef-admin/src/app/api/menu/[id]/route.ts,file,PARTIAL,,,
api:chef-admin:/api/menu/categories,Chef Admin /api/menu/categories,api-route,PARTIAL,apps/chef-admin/src/app/api/menu/categories/route.ts,,"GET,POST"
file:apps/chef-admin/src/app/api/menu/categories/route.ts,apps/chef-admin/src/app/api/menu/categories/route.ts,file,PARTIAL,,,
api:chef-admin:/api/menu,Chef Admin /api/menu,api-route,PARTIAL,apps/chef-admin/src/app/api/menu/route.ts,,"GET,POST"
file:apps/chef-admin/src/app/api/menu/route.ts,apps/chef-admin/src/app/api/menu/route.ts,file,PARTIAL,,,
api:chef-admin:/api/orders/:id,Chef Admin /api/orders/:id,api-route,PARTIAL,apps/chef-admin/src/app/api/orders/[id]/route.ts,,"GET,PATCH"
file:apps/chef-admin/src/app/api/orders/[id]/route.ts,apps/chef-admin/src/app/api/orders/[id]/route.ts,file,PARTIAL,,,
api:chef-admin:/api/orders,Chef Admin /api/orders,api-route,PARTIAL,apps/chef-admin/src/app/api/orders/route.ts,,GET
file:apps/chef-admin/src/app/api/orders/route.ts,apps/chef-admin/src/app/api/orders/route.ts,file,PARTIAL,,,
api:chef-admin:/api/payouts/request,Chef Admin /api/payouts/request,api-route,MISSING,apps/chef-admin/src/app/api/payouts/request/route.ts,,POST
file:apps/chef-admin/src/app/api/payouts/request/route.ts,apps/chef-admin/src/app/api/payouts/request/route.ts,file,MISSING,,,
api:chef-admin:/api/payouts/setup,Chef Admin /api/payouts/setup,api-route,WIRED,apps/chef-admin/src/app/api/payouts/setup/route.ts,,POST
file:apps/chef-admin/src/app/api/payouts/setup/route.ts,apps/chef-admin/src/app/api/payouts/setup/route.ts,file,WIRED,,,
api:chef-admin:/api/profile,Chef Admin /api/profile,api-route,WIRED,apps/chef-admin/src/app/api/profile/route.ts,,"GET,PATCH"
file:apps/chef-admin/src/app/api/profile/route.ts,apps/chef-admin/src/app/api/profile/route.ts,file,WIRED,,,
api:chef-admin:/api/storefront/availability,Chef Admin /api/storefront/availability,api-route,PARTIAL,apps/chef-admin/src/app/api/storefront/availability/route.ts,,"GET,PUT"
file:apps/chef-admin/src/app/api/storefront/availability/route.ts,apps/chef-admin/src/app/api/storefront/availability/route.ts,file,PARTIAL,,,
api:chef-admin:/api/storefront,Chef Admin /api/storefront,api-route,PARTIAL,apps/chef-admin/src/app/api/storefront/route.ts,,"GET,PATCH,POST"
file:apps/chef-admin/src/app/api/storefront/route.ts,apps/chef-admin/src/app/api/storefront/route.ts,file,PARTIAL,,,
api:chef-admin:/api/upload,Chef Admin /api/upload,api-route,PARTIAL,apps/chef-admin/src/app/api/upload/route.ts,,POST
file:apps/chef-admin/src/app/api/upload/route.ts,apps/chef-admin/src/app/api/upload/route.ts,file,PARTIAL,,,
api:driver-app:/api/auth/login,Driver App /api/auth/login,api-route,WIRED,apps/driver-app/src/app/api/auth/login/route.ts,,POST
file:apps/driver-app/src/app/api/auth/login/route.ts,apps/driver-app/src/app/api/auth/login/route.ts,file,WIRED,,,
api:driver-app:/api/auth/logout,Driver App /api/auth/logout,api-route,WIRED,apps/driver-app/src/app/api/auth/logout/route.ts,,POST
file:apps/driver-app/src/app/api/auth/logout/route.ts,apps/driver-app/src/app/api/auth/logout/route.ts,file,WIRED,,,
api:driver-app:/api/auth/signup,Driver App /api/auth/signup,api-route,WIRED,apps/driver-app/src/app/api/auth/signup/route.ts,,POST
file:apps/driver-app/src/app/api/auth/signup/route.ts,apps/driver-app/src/app/api/auth/signup/route.ts,file,WIRED,,,
api:driver-app:/api/deliveries/:id,Driver App /api/deliveries/:id,api-route,PARTIAL,apps/driver-app/src/app/api/deliveries/[id]/route.ts,,"GET,PATCH"
file:apps/driver-app/src/app/api/deliveries/[id]/route.ts,apps/driver-app/src/app/api/deliveries/[id]/route.ts,file,PARTIAL,,,
api:driver-app:/api/deliveries,Driver App /api/deliveries,api-route,PARTIAL,apps/driver-app/src/app/api/deliveries/route.ts,,GET
file:apps/driver-app/src/app/api/deliveries/route.ts,apps/driver-app/src/app/api/deliveries/route.ts,file,PARTIAL,,,
api:driver-app:/api/driver/presence,Driver App /api/driver/presence,api-route,PARTIAL,apps/driver-app/src/app/api/driver/presence/route.ts,,"GET,PATCH"
file:apps/driver-app/src/app/api/driver/presence/route.ts,apps/driver-app/src/app/api/driver/presence/route.ts,file,PARTIAL,,,
api:driver-app:/api/driver,Driver App /api/driver,api-route,PARTIAL,apps/driver-app/src/app/api/driver/route.ts,,"GET,PATCH"
file:apps/driver-app/src/app/api/driver/route.ts,apps/driver-app/src/app/api/driver/route.ts,file,PARTIAL,,,
api:driver-app:/api/earnings,Driver App /api/earnings,api-route,PARTIAL,apps/driver-app/src/app/api/earnings/route.ts,,GET
file:apps/driver-app/src/app/api/earnings/route.ts,apps/driver-app/src/app/api/earnings/route.ts,file,PARTIAL,,,
api:driver-app:/api/health,Driver App /api/health,api-route,PARTIAL,apps/driver-app/src/app/api/health/route.ts,,GET
file:apps/driver-app/src/app/api/health/route.ts,apps/driver-app/src/app/api/health/route.ts,file,PARTIAL,,,
api:driver-app:/api/location,Driver App /api/location,api-route,PARTIAL,apps/driver-app/src/app/api/location/route.ts,,POST
file:apps/driver-app/src/app/api/location/route.ts,apps/driver-app/src/app/api/location/route.ts,file,PARTIAL,,,
table:delivery_tracking_events,delivery_tracking_events,table,,,,
table:driver_locations,driver_locations,table,,,,
api:driver-app:/api/offers,Driver App /api/offers,api-route,PARTIAL,apps/driver-app/src/app/api/offers/route.ts,,"GET,POST"
file:apps/driver-app/src/app/api/offers/route.ts,apps/driver-app/src/app/api/offers/route.ts,file,PARTIAL,,,
api:driver-app:/api/payouts/instant,Driver App /api/payouts/instant,api-route,PARTIAL,apps/driver-app/src/app/api/payouts/instant/route.ts,,POST
file:apps/driver-app/src/app/api/payouts/instant/route.ts,apps/driver-app/src/app/api/payouts/instant/route.ts,file,PARTIAL,,,
api:driver-app:/api/payouts/setup,Driver App /api/payouts/setup,api-route,WIRED,apps/driver-app/src/app/api/payouts/setup/route.ts,,"GET,POST"
file:apps/driver-app/src/app/api/payouts/setup/route.ts,apps/driver-app/src/app/api/payouts/setup/route.ts,file,WIRED,,,
table:driver_payout_accounts,driver_payout_accounts,table,,,,
table:${accountSid}:${authToken},${accountSid}:${authToken},table,,,,
table:IF,IF,table,,,,
table:admin_notes,admin_notes,table,,,,
table:analytics_events,analytics_events,table,,,,
table:carts,carts,table,,,,
table:chef_documents,chef_documents,table,,,,
table:delivery_assignments,delivery_assignments,table,,,,
table:delivery_events,delivery_events,table,,,,
table:domain_events,domain_events,table,,,,
table:driver_documents,driver_documents,table,,,,
table:driver_earnings,driver_earnings,table,,,,
table:driver_profiles,driver_profiles,table,,,,
table:driver_shifts,driver_shifts,table,,,,
table:driver_vehicles,driver_vehicles,table,,,,
table:idx_assignment_attempts_delivery,idx_assignment_attempts_delivery,table,,,,
table:idx_assignment_attempts_driver,idx_assignment_attempts_driver,table,,,,
table:idx_assignment_attempts_pending,idx_assignment_attempts_pending,table,,,,
table:idx_chef_profiles_status,idx_chef_profiles_status,table,,,,
table:idx_chef_profiles_user_id,idx_chef_profiles_user_id,table,,,,
table:idx_chef_storefronts_chef_id,idx_chef_storefronts_chef_id,table,,,,
table:idx_chef_storefronts_cuisine_types,idx_chef_storefronts_cuisine_types,table,,,,
table:idx_chef_storefronts_is_active,idx_chef_storefronts_is_active,table,,,,
table:idx_customer_addresses_customer_id,idx_customer_addresses_customer_id,table,,,,
table:idx_customers_user_id,idx_customers_user_id,table,,,,
table:idx_deliveries_driver_id,idx_deliveries_driver_id,table,,,,
table:idx_deliveries_order_id,idx_deliveries_order_id,table,,,,
table:idx_deliveries_status,idx_deliveries_status,table,,,,
table:idx_delivery_assignments_delivery_id,idx_delivery_assignments_delivery_id,table,,,,
table:idx_delivery_assignments_driver_id,idx_delivery_assignments_driver_id,table,,,,
table:idx_domain_events_created,idx_domain_events_created,table,,,,
table:idx_domain_events_entity,idx_domain_events_entity,table,,,,
table:idx_domain_events_type,idx_domain_events_type,table,,,,
table:idx_domain_events_unpublished,idx_domain_events_unpublished,table,,,,
table:idx_driver_presence_status,idx_driver_presence_status,table,,,,
table:idx_driver_shifts_driver_id,idx_driver_shifts_driver_id,table,,,,
table:idx_drivers_status,idx_drivers_status,table,,,,
table:idx_drivers_user_id,idx_drivers_user_id,table,,,,
table:idx_favorites_customer_id,idx_favorites_customer_id,table,,,,
table:idx_kitchen_queue_order,idx_kitchen_queue_order,table,,,,
table:idx_kitchen_queue_storefront,idx_kitchen_queue_storefront,table,,,,
table:idx_ledger_entries_entity,idx_ledger_entries_entity,table,,,,
table:idx_ledger_entries_order,idx_ledger_entries_order,table,,,,
table:idx_ledger_entries_stripe,idx_ledger_entries_stripe,table,,,,
table:idx_ledger_entries_type,idx_ledger_entries_type,table,,,,
table:idx_menu_categories_storefront_id,idx_menu_categories_storefront_id,table,,,,
table:idx_menu_items_category_id,idx_menu_items_category_id,table,,,,
table:idx_menu_items_storefront_id,idx_menu_items_storefront_id,table,,,,
table:idx_notifications_is_read,idx_notifications_is_read,table,,,,
table:idx_notifications_user_id,idx_notifications_user_id,table,,,,
table:idx_ops_override_logs_actor,idx_ops_override_logs_actor,table,,,,
table:idx_ops_override_logs_created,idx_ops_override_logs_created,table,,,,
table:idx_ops_override_logs_entity,idx_ops_override_logs_entity,table,,,,
table:idx_order_exceptions_open,idx_order_exceptions_open,table,,,,
table:idx_order_exceptions_order,idx_order_exceptions_order,table,,,,
table:idx_order_exceptions_severity,idx_order_exceptions_severity,table,,,,
table:idx_order_exceptions_status,idx_order_exceptions_status,table,,,,
table:idx_order_items_order_id,idx_order_items_order_id,table,,,,
table:idx_orders_created_at,idx_orders_created_at,table,,,,
table:idx_orders_customer_id,idx_orders_customer_id,table,,,,
table:idx_orders_status,idx_orders_status,table,,,,
table:idx_orders_storefront_id,idx_orders_storefront_id,table,,,,
table:idx_payout_adjustments_order,idx_payout_adjustments_order,table,,,,
table:idx_payout_adjustments_payee,idx_payout_adjustments_payee,table,,,,
table:idx_payout_adjustments_status,idx_payout_adjustments_status,table,,,,
table:idx_refund_cases_order,idx_refund_cases_order,table,,,,
table:idx_refund_cases_pending,idx_refund_cases_pending,table,,,,
table:idx_refund_cases_status,idx_refund_cases_status,table,,,,
table:idx_reviews_storefront_id,idx_reviews_storefront_id,table,,,,
table:idx_sla_timers_active,idx_sla_timers_active,table,,,,
table:idx_sla_timers_entity,idx_sla_timers_entity,table,,,,
table:idx_sla_timers_type,idx_sla_timers_type,table,,,,
table:idx_storefront_state_changes_created,idx_storefront_state_changes_created,table,,,,
table:idx_storefront_state_changes_storefront,idx_storefront_state_changes_storefront,table,,,,
table:idx_system_alerts_active,idx_system_alerts_active,table,,,,
table:idx_system_alerts_created,idx_system_alerts_created,table,,,,
table:idx_system_alerts_type,idx_system_alerts_type,table,,,,
table:if,if,table,,,,
table:kitchen_queue_entries,kitchen_queue_entries,table,,,,
table:loyalty_accounts,loyalty_accounts,table,,,,
table:menu_categories,menu_categories,table,,,,
table:menu_item_availability,menu_item_availability,table,,,,
table:menu_item_option_values,menu_item_option_values,table,,,,
table:menu_item_options,menu_item_options,table,,,,
table:order_item_modifiers,order_item_modifiers,table,,,,
table:payout_adjustments,payout_adjustments,table,,,,
table:referral_codes,referral_codes,table,,,,
table:referral_signups,referral_signups,table,,,,
table:refund_cases,refund_cases,table,,,,
table:sla_timers,sla_timers,table,,,,
table:support_tickets,support_tickets,table,,,,
file:apps/chef-admin/src/app/error.tsx,apps/chef-admin/src/app/error.tsx,file,,,,
file:apps/chef-admin/src/components/auth/auth-layout.tsx,apps/chef-admin/src/components/auth/auth-layout.tsx,file,,,,
file:apps/chef-admin/src/components/availability/weekly-availability-form.tsx,apps/chef-admin/src/components/availability/weekly-availability-form.tsx,file,,,,
file:apps/chef-admin/src/components/layout/header.tsx,apps/chef-admin/src/components/layout/header.tsx,file,,,,
file:apps/chef-admin/src/components/layout/sidebar.tsx,apps/chef-admin/src/components/layout/sidebar.tsx,file,,,,
file:apps/chef-admin/src/components/menu/category-modal.tsx,apps/chef-admin/src/components/menu/category-modal.tsx,file,,,,
file:apps/chef-admin/src/components/menu/menu-list.tsx,apps/chef-admin/src/components/menu/menu-list.tsx,file,,,,
file:apps/chef-admin/src/components/orders/orders-list.tsx,apps/chef-admin/src/components/orders/orders-list.tsx,file,,,,
file:apps/chef-admin/src/components/profile/profile-form.tsx,apps/chef-admin/src/components/profile/profile-form.tsx,file,,,,
file:apps/chef-admin/src/components/shared/image-upload.tsx,apps/chef-admin/src/components/shared/image-upload.tsx,file,,,,
file:apps/chef-admin/src/components/storefront/storefront-form.tsx,apps/chef-admin/src/components/storefront/storefront-form.tsx,file,,,,
file:apps/chef-admin/src/components/storefront/storefront-setup-form.tsx,apps/chef-admin/src/components/storefront/storefront-setup-form.tsx,file,,,,
file:apps/web/src/app/error.tsx,apps/web/src/app/error.tsx,file,,,,
file:apps/web/src/app/not-found.tsx,apps/web/src/app/not-found.tsx,file,,,,
file:apps/web/src/components/auth/auth-layout.tsx,apps/web/src/components/auth/auth-layout.tsx,file,,,,
file:apps/web/src/components/checkout/saved-card-selector.tsx,apps/web/src/components/checkout/saved-card-selector.tsx,file,,,,
file:apps/web/src/components/chefs/chefs-filters.tsx,apps/web/src/components/chefs/chefs-filters.tsx,file,,,,
file:apps/web/src/components/chefs/chefs-list.tsx,apps/web/src/components/chefs/chefs-list.tsx,file,,,,
file:apps/web/src/components/home/featured-chefs.tsx,apps/web/src/components/home/featured-chefs.tsx,file,,,,
file:apps/web/src/components/layout/header.tsx,apps/web/src/components/layout/header.tsx,file,,,,
file:apps/web/src/components/profile/loyalty-dashboard.tsx,apps/web/src/components/profile/loyalty-dashboard.tsx,file,,,,
file:apps/web/src/components/profile/referral-dashboard.tsx,apps/web/src/components/profile/referral-dashboard.tsx,file,,,,
file:apps/web/src/components/profile/saved-cards.tsx,apps/web/src/components/profile/saved-cards.tsx,file,,,,
file:apps/web/src/components/reviews/review-form.tsx,apps/web/src/components/reviews/review-form.tsx,file,,,,
file:apps/web/src/components/reviews/reviews-list.tsx,apps/web/src/components/reviews/reviews-list.tsx,file,,,,
file:apps/web/src/components/storefront/storefront-menu.tsx,apps/web/src/components/storefront/storefront-menu.tsx,file,,,,
file:apps/web/src/components/tracking/live-order-tracker.tsx,apps/web/src/components/tracking/live-order-tracker.tsx,file,,,,
file:apps/web/src/contexts/cart-context.tsx,apps/web/src/contexts/cart-context.tsx,file,,,,
file:apps/web/src/hooks/use-eta.ts,apps/web/src/hooks/use-eta.ts,file,,,,
file:apps/web/src/hooks/use-push-notifications.ts,apps/web/src/hooks/use-push-notifications.ts,file,,,,
file:apps/web/src/lib/orders/use-order-stream.ts,apps/web/src/lib/orders/use-order-stream.ts,file,,,,
file:apps/driver-app/src/app/components/DriverDashboard.tsx,apps/driver-app/src/app/components/DriverDashboard.tsx,file,,,,
file:apps/driver-app/src/app/delivery/[id]/components/DeliveryDetail.tsx,apps/driver-app/src/app/delivery/[id]/components/DeliveryDetail.tsx,file,,,,
file:apps/driver-app/src/app/earnings/components/EarningsView.tsx,apps/driver-app/src/app/earnings/components/EarningsView.tsx,file,,,,
file:apps/driver-app/src/app/error.tsx,apps/driver-app/src/app/error.tsx,file,,,,
file:apps/driver-app/src/app/layout.tsx,apps/driver-app/src/app/layout.tsx,file,,,,
file:apps/driver-app/public/manifest.webmanifest,apps/driver-app/public/manifest.webmanifest,file,,,,
file:apps/driver-app/src/app/profile/components/ProfileView.tsx,apps/driver-app/src/app/profile/components/ProfileView.tsx,file,,,,
file:apps/driver-app/src/app/settings/settings-client.tsx,apps/driver-app/src/app/settings/settings-client.tsx,file,,,,
file:apps/driver-app/src/components/offer-alert.tsx,apps/driver-app/src/components/offer-alert.tsx,file,,,,
file:apps/driver-app/src/hooks/use-location-tracker.ts,apps/driver-app/src/hooks/use-location-tracker.ts,file,,,,
file:apps/ops-admin/src/app/dashboard/_components/control-center.tsx,apps/ops-admin/src/app/dashboard/_components/control-center.tsx,file,,,,
file:apps/ops-admin/src/app/dashboard/_components/drivers-column.tsx,apps/ops-admin/src/app/dashboard/_components/drivers-column.tsx,file,,,,
file:apps/ops-admin/src/app/dashboard/_components/ops-readiness.tsx,apps/ops-admin/src/app/dashboard/_components/ops-readiness.tsx,file,,,,
file:apps/ops-admin/src/app/dashboard/_components/orders-column.tsx,apps/ops-admin/src/app/dashboard/_components/orders-column.tsx,file,,,,
file:apps/ops-admin/src/app/dashboard/analytics/components/platform-metrics-client.tsx,apps/ops-admin/src/app/dashboard/analytics/components/platform-metrics-client.tsx,file,,,,
file:apps/ops-admin/src/app/dashboard/analytics/components/trend-charts.tsx,apps/ops-admin/src/app/dashboard/analytics/components/trend-charts.tsx,file,,,,
file:apps/ops-admin/src/app/dashboard/chefs/[id]/chef-governance-actions.tsx,apps/ops-admin/src/app/dashboard/chefs/[id]/chef-governance-actions.tsx,file,,,,
file:apps/ops-admin/src/app/dashboard/chefs/[id]/storefront-governance-actions.tsx,apps/ops-admin/src/app/dashboard/chefs/[id]/storefront-governance-actions.tsx,file,,,,
file:apps/ops-admin/src/app/dashboard/customers/[id]/customer-actions.tsx,apps/ops-admin/src/app/dashboard/customers/[id]/customer-actions.tsx,file,,,,
file:apps/ops-admin/src/app/dashboard/deliveries/[id]/delivery-actions.tsx,apps/ops-admin/src/app/dashboard/deliveries/[id]/delivery-actions.tsx,file,,,,
file:apps/ops-admin/src/app/dashboard/drivers/[id]/driver-governance-actions.tsx,apps/ops-admin/src/app/dashboard/drivers/[id]/driver-governance-actions.tsx,file,,,,
file:apps/ops-admin/src/app/dashboard/finance/finance-actions.tsx,apps/ops-admin/src/app/dashboard/finance/finance-actions.tsx,file,,,,
file:apps/ops-admin/src/app/dashboard/finance/payout-actions.tsx,apps/ops-admin/src/app/dashboard/finance/payout-actions.tsx,file,,,,
file:apps/ops-admin/src/app/dashboard/layout.tsx,apps/ops-admin/src/app/dashboard/layout.tsx,file,,,,
file:apps/ops-admin/src/app/dashboard/orders/[id]/status-actions.tsx,apps/ops-admin/src/app/dashboard/orders/[id]/status-actions.tsx,file,,,,
file:apps/ops-admin/src/app/dashboard/settings/maintenance-toggle.tsx,apps/ops-admin/src/app/dashboard/settings/maintenance-toggle.tsx,file,,,,
file:apps/ops-admin/src/app/dashboard/settings/settings-form.tsx,apps/ops-admin/src/app/dashboard/settings/settings-form.tsx,file,,,,
file:apps/ops-admin/src/app/dashboard/support/support-ticket-actions.tsx,apps/ops-admin/src/app/dashboard/support/support-ticket-actions.tsx,file,,,,
file:apps/ops-admin/src/app/error.tsx,apps/ops-admin/src/app/error.tsx,file,,,,
file:apps/ops-admin/src/app/internal/command-center/command-center-client.tsx,apps/ops-admin/src/app/internal/command-center/command-center-client.tsx,file,,,,
file:apps/ops-admin/src/components/ops-alerts.tsx,apps/ops-admin/src/components/ops-alerts.tsx,file,,,,
file:apps/ops-admin/src/hooks/use-ops-live-feed.ts,apps/ops-admin/src/hooks/use-ops-live-feed.ts,file,,,,
